<?xml version="1.0" encoding="UTF-8"?>
<project-private xmlns="http://www.netbeans.org/ns/project-private/1">
    <editor-bookmarks xmlns="http://www.netbeans.org/ns/editor-bookmarks/2" lastBookmarkId="0"/>
    <open-files xmlns="http://www.netbeans.org/ns/projectui-open-files/2">
        <group>
            <file>file:/D:/vin/binus/matkul/sem%203/OOP/project/AplikasiSewaKosApartemen/src/aplikasisewakosapartemen/user.java</file>
            <file>file:/D:/vin/binus/matkul/sem%203/OOP/project/AplikasiSewaKosApartemen/src/aplikasisewakosapartemen/AplikasiSewaKosApartemen.java</file>
            <file>file:/D:/vin/binus/matkul/sem%203/OOP/project/AplikasiSewaKosApartemen/src/aplikasisewakosapartemen/FormLogin.java</file>
            <file>file:/D:/vin/binus/matkul/sem%203/OOP/project/AplikasiSewaKosApartemen/src/aplikasisewakosapartemen/Kos.java</file>
        </group>
    </open-files>
</project-private>
